ŌłÆ	1	ES	2129	1	2189	7	1946	19	1805	0	ŌłÆ43	0	ŌłÆ43	0	ŌłÆ28	+2	+71	+5	+113	+2	+128	783	341	302	140	462	138	183	1595	699	0	ŌłÆ43
ŌłÆ	2	AR	2115	1	2172	5	1987	26	1751	0	+2	0	+2	0	ŌłÆ17	ŌłÆ1	ŌłÆ30	+6	+142	ŌłÆ1	+32	1111	381	419	311	612	228	271	2117	1136	0	+2
ŌłÆ	3	FR	2084	1	2135	16	1795	40	1514	0	+22	0	+22	0	+29	ŌłÆ1	+8	0	ŌłÆ24	+1	+99	941	475	341	125	476	270	195	1713	1276	0	+22
ŌłÆ	4	EN	2024	1	2213	4	1983	17	1810	0	ŌłÆ18	0	ŌłÆ18	+2	+40	+3	+31	+3	+34	+4	+59	1162	509	524	129	685	215	262	2723	1118	0	ŌłÆ18
ŌłÆ	5	PT	1989	2	2060	19	1797	41	1624	+2	+13	+2	+13	ŌłÆ1	ŌłÆ41	+1	ŌłÆ13	ŌłÆ1	ŌłÆ71	+7	+95	696	322	262	112	348	189	159	1226	781	+2	+13
ŌłÆ	6	CO	1982	3	2069	48	1621	102	1304	ŌłÆ1	ŌłÆ16	ŌłÆ1	ŌłÆ16	+2	+32	ŌłÆ1	ŌłÆ32	+4	+38	0	+9	650	185	229	236	267	205	178	847	742	ŌłÆ1	ŌłÆ16
ŌłÆ	7	BR	1978	1	2195	4	1998	20	1805	ŌłÆ1	0	ŌłÆ1	0	ŌłÆ2	ŌłÆ23	ŌłÆ3	ŌłÆ49	ŌłÆ6	ŌłÆ178	ŌłÆ2	+1	1068	373	346	349	672	172	224	2303	958	ŌłÆ1	0
ŌłÆ	8	NL	1944	1	2153	15	1848	55	1553	0	ŌłÆ15	0	ŌłÆ15	ŌłÆ1	ŌłÆ31	+2	ŌłÆ41	+1	ŌłÆ15	+2	+20	904	430	358	116	466	240	198	1896	1146	0	ŌłÆ15
ŌłÆ	9	DE	1939	1	2223	8	1911	25	1637	+3	+29	+3	+29	+1	+26	+3	+2	+4	+25	ŌłÆ7	ŌłÆ97	1048	470	416	162	607	224	217	2365	1234	+3	+29
ŌłÆ	10	NO	1929	6	1944	38	1623	85	1364	+1	+7	+1	+7	+4	+63	+27	+195	+27	+191	+42	+294	889	426	409	54	336	355	198	1381	1446	+1	+7
ŌłÆ	11	HR	1912	4	2015	12	1881	28	1780	ŌłÆ2	ŌłÆ21	ŌłÆ2	ŌłÆ21	ŌłÆ2	ŌłÆ15	+2	ŌłÆ19	+8	+96	+5	+68	400	158	167	75	210	84	106	696	404	ŌłÆ2	ŌłÆ21
ŌłÆ	12	JP	1910	9	1913	61	1467	114	1126	+4	+32	+4	+32	+4	+53	+4	+53	+16	+139	+17	+156	837	332	207	298	409	257	171	1520	987	+4	+32
ŌłÆ	13	EC	1890	9	1938	64	1526	121	1183	ŌłÆ4	ŌłÆ43	ŌłÆ4	ŌłÆ43	ŌłÆ2	ŌłÆ15	+1	+15	+14	+113	+2	+31	601	183	211	207	185	255	161	724	905	ŌłÆ4	ŌłÆ43
ŌłÆ	14	MX	1881	4	1985	20	1783	48	1498	+6	+25	+7	+47	+10	+66	+7	+90	0	0	ŌłÆ7	ŌłÆ86	1030	298	273	459	536	257	237	1831	1054	+7	+47
ŌłÆ	15	BE	1879	1	2157	24	1755	70	1503	+6	+29	+4	+29	+2	+32	ŌłÆ6	ŌłÆ109	ŌłÆ13	ŌłÆ236	ŌłÆ1	+1	879	416	376	87	392	302	185	1607	1360	+4	+29
ŌłÆ	16	UY	1870	1	2104	12	1876	44	1636	ŌłÆ2	ŌłÆ20	ŌłÆ2	ŌłÆ20	ŌłÆ4	ŌłÆ31	ŌłÆ8	ŌłÆ121	ŌłÆ5	ŌłÆ66	ŌłÆ4	ŌłÆ24	1020	336	432	252	446	321	253	1611	1255	ŌłÆ2	ŌłÆ20
ŌłÆ	17	DK	1869	1	2074	20	1799	59	1541	+1	+4	0	+4	ŌłÆ2	+4	+2	+42	ŌłÆ5	ŌłÆ59	+15	+125	905	414	396	95	420	298	187	1652	1221	0	+4
ŌłÆ	17	IT	1869	1	2134	8	1915	23	1607	+2	+10	+1	+10	ŌłÆ4	ŌłÆ13	ŌłÆ6	ŌłÆ87	ŌłÆ12	ŌłÆ174	ŌłÆ6	ŌłÆ48	903	407	325	171	481	177	245	1581	894	+1	+10
ŌłÆ	19	CH	1865	9	1933	27	1689	56	1485	ŌłÆ6	ŌłÆ32	ŌłÆ6	ŌłÆ32	ŌłÆ1	+20	ŌłÆ1	+21	ŌłÆ3	ŌłÆ2	+4	+82	897	426	391	80	319	373	205	1339	1485	ŌłÆ6	ŌłÆ32
ŌłÆ	20	TR	1849	9	1911	43	1610	77	1358	ŌłÆ5	ŌłÆ32	ŌłÆ5	ŌłÆ32	+2	+13	+11	+100	+14	+93	ŌłÆ1	+47	671	290	300	81	264	251	156	950	972	ŌłÆ5	ŌłÆ32
ŌłÆ	21	MA	1840	11	1923	43	1657	86	1510	+3	+34	ŌłÆ1	ŌłÆ2	+4	+28	+7	+67	+21	+159	+41	+265	731	319	219	193	365	165	201	1109	616	ŌłÆ1	0
ŌłÆ	22	AU	1839	11	1875	35	1672	77	1475	+8	+66	+8	+66	+9	+64	+5	+64	+14	+100	+19	+132	638	271	223	144	327	180	131	1292	716	+8	+66
ŌłÆ	22	SN	1839	17	1879	56	1591	107	1386	ŌłÆ5	ŌłÆ31	+2	+35	+7	+54	+7	+72	+16	+109	+23	+165	707	221	260	226	319	194	194	970	675	+2	+32
ŌłÆ	24	AT	1830	1	2070	20	1810	73	1549	ŌłÆ1	+12	ŌłÆ1	+12	ŌłÆ6	ŌłÆ15	ŌłÆ9	ŌłÆ33	+5	+61	+12	+99	866	432	383	51	371	310	185	1561	1321	ŌłÆ1	+12
ŌłÆ	25	SQ	1794	1	2104	14	1879	63	1598	+2	+4	+2	+4	+15	+77	+5	+43	+23	+155	+15	+84	870	403	413	54	414	268	188	1504	1076	+2	+4
ŌłÆ	26	KR	1786	16	1845	35	1687	84	1445	+2	+2	+2	+2	+6	+16	+8	+46	+4	+22	ŌłÆ6	ŌłÆ11	1053	353	255	445	574	221	258	1915	965	+2	+2
ŌłÆ	27	PY	1780	5	1956	23	1755	51	1619	ŌłÆ5	ŌłÆ53	ŌłÆ5	ŌłÆ53	ŌłÆ4	ŌłÆ45	+14	+69	ŌłÆ3	ŌłÆ14	+10	+55	790	215	366	209	277	304	209	1007	1119	ŌłÆ5	ŌłÆ53
ŌłÆ	27	UA	1780	14	1873	31	1745	66	1561	ŌłÆ1	ŌłÆ22	ŌłÆ2	ŌłÆ22	0	ŌłÆ19	ŌłÆ10	ŌłÆ73	ŌłÆ6	ŌłÆ25	ŌłÆ1	+20	340	134	146	60	154	91	95	478	358	ŌłÆ2	ŌłÆ22
ŌłÆ	27	US	1780	9	1890	41	1642	93	1410	+7	+33	+7	+33	+17	+77	ŌłÆ4	ŌłÆ9	ŌłÆ4	ŌłÆ17	ŌłÆ9	ŌłÆ30	828	490	253	85	368	287	173	1254	1078	+8	+33
ŌłÆ	30	DZ	1772	18	1807	48	1621	110	1386	+10	+44	+10	+46	+13	+68	+21	+131	+1	+12	+18	+116	690	261	234	195	311	196	183	1057	703	+3	+15
ŌłÆ	30	RU	1772	1	2083	24	1742	50	1449	ŌłÆ1	ŌłÆ10	ŌłÆ1	ŌłÆ10	ŌłÆ2	ŌłÆ21	ŌłÆ5	ŌłÆ9	+5	+25	+1	+27	815	313	383	119	432	174	209	1482	779	ŌłÆ1	ŌłÆ10
ŌłÆ	32	CA	1767	21	1841	49	1599	90	1471	ŌłÆ7	ŌłÆ38	ŌłÆ7	ŌłÆ35	ŌłÆ3	ŌłÆ18	+8	+47	+11	+93	+46	+246	491	155	200	136	190	185	116	630	625	ŌłÆ7	ŌłÆ35
ŌłÆ	32	NG	1767	16	1826	38	1669	74	1500	+3	+28	+27	+148	+35	+191	+32	+181	+12	+97	+21	+142	717	241	264	212	332	180	205	1081	725	+18	+98
ŌłÆ	34	IR	1756	13	1853	40	1658	79	1450	ŌłÆ1	+1	ŌłÆ1	+1	ŌłÆ8	ŌłÆ45	ŌłÆ14	ŌłÆ52	ŌłÆ12	ŌłÆ48	ŌłÆ2	+12	671	223	195	253	384	132	155	1277	527	0	+1
ŌłÆ	35	SE	1755	2	2013	17	1795	54	1579	+18	+95	+17	+95	ŌłÆ2	ŌłÆ5	+10	+81	ŌłÆ18	ŌłÆ110	ŌłÆ11	ŌłÆ7	1121	490	500	131	550	336	235	2234	1488	+18	+95
ŌłÆ	36	GR	1744	7	1931	49	1559	91	1273	ŌłÆ4	ŌłÆ17	ŌłÆ4	ŌłÆ17	ŌłÆ16	ŌłÆ94	0	+6	+9	+84	+18	+129	658	299	296	63	251	250	157	835	909	ŌłÆ4	ŌłÆ17
ŌłÆ	37	CI	1743	15	1863	45	1640	76	1476	+21	+106	+24	+136	+28	+156	+20	+120	+10	+100	+2	+19	694	241	238	215	350	166	178	1133	696	+22	+116
ŌłÆ	38	RS	1734	2	2017	20	1787	46	1515	ŌłÆ7	ŌłÆ34	ŌłÆ7	ŌłÆ34	ŌłÆ17	ŌłÆ103	ŌłÆ14	ŌłÆ54	ŌłÆ12	ŌłÆ51	ŌłÆ1	+9	862	302	424	136	403	267	192	1618	1181	ŌłÆ7	ŌłÆ34
ŌłÆ	39	VE	1733	18	1829	84	1433	122	1218	+3	+18	+2	+18	ŌłÆ3	ŌłÆ12	ŌłÆ7	ŌłÆ11	ŌłÆ8	ŌłÆ27	+3	+40	483	179	179	125	130	246	107	524	874	+2	+18
ŌłÆ	40	PA	1730	27	1773	99	1362	143	1154	ŌłÆ3	ŌłÆ3	ŌłÆ5	ŌłÆ12	ŌłÆ2	ŌłÆ9	+2	+33	+29	+177	+6	+60	594	201	228	165	197	252	145	743	915	ŌłÆ4	ŌłÆ12
ŌłÆ	41	CL	1717	2	2040	28	1678	59	1384	ŌłÆ3	ŌłÆ14	ŌłÆ3	ŌłÆ14	+5	+28	ŌłÆ2	ŌłÆ8	ŌłÆ23	ŌłÆ109	ŌłÆ32	ŌłÆ224	854	328	308	218	319	347	188	1197	1219	ŌłÆ2	ŌłÆ14
ŌłÆ	42	KO	1715	37	1738	102	1420	119	1363	+2	+1	+1	+1	+17	+106	+39	+210	+45	+233	+68	+316	109	49	40	20	43	43	23	156	147	+1	+1
ŌłÆ	43	UZ	1714	25	1766	59	1596	93	1428	ŌłÆ3	ŌłÆ14	ŌłÆ7	ŌłÆ21	ŌłÆ1	+7	+1	+33	+27	+164	+6	+64	367	130	129	108	180	112	75	636	402	ŌłÆ6	ŌłÆ21
ŌłÆ	44	CZ	1712	1	2032	13	1855	46	1669	ŌłÆ6	ŌłÆ19	ŌłÆ6	ŌłÆ19	ŌłÆ9	ŌłÆ37	ŌłÆ18	ŌłÆ65	ŌłÆ24	ŌłÆ94	ŌłÆ12	ŌłÆ32	885	361	416	108	426	262	197	1630	1101	ŌłÆ5	ŌłÆ19
ŌłÆ	45	EG	1711	12	1872	37	1662	70	1527	+9	+52	+18	+113	+5	+45	+9	+78	+16	+113	+6	+72	886	354	281	251	447	217	222	1547	924	+15	+88
ŌłÆ	46	HU	1710	1	2234	20	1835	74	1529	0	+12	ŌłÆ1	+12	ŌłÆ1	+9	ŌłÆ25	ŌłÆ81	ŌłÆ7	ŌłÆ9	ŌłÆ11	ŌłÆ32	1035	469	492	74	489	324	222	2074	1527	ŌłÆ1	+12
ŌłÆ	46	PL	1710	2	2084	30	1712	63	1521	ŌłÆ10	ŌłÆ25	ŌłÆ10	ŌłÆ25	+1	+28	ŌłÆ9	ŌłÆ24	ŌłÆ15	ŌłÆ50	ŌłÆ25	ŌłÆ86	921	397	410	114	400	296	225	1564	1243	ŌłÆ9	ŌłÆ25
ŌłÆ	48	PE	1700	10	1916	34	1679	76	1485	ŌłÆ3	ŌłÆ8	ŌłÆ3	+2	ŌłÆ11	ŌłÆ44	ŌłÆ16	ŌłÆ44	ŌłÆ23	ŌłÆ86	ŌłÆ31	ŌłÆ131	710	266	253	191	229	305	176	860	991	ŌłÆ4	ŌłÆ8
ŌłÆ	49	IE	1699	4	1918	24	1626	64	1237	0	+11	ŌłÆ1	+11	+5	+66	+9	+80	+4	+76	ŌłÆ21	ŌłÆ59	743	378	305	60	262	287	194	979	1161	ŌłÆ1	+11
ŌłÆ	50	WA	1682	3	1909	22	1671	85	1403	ŌłÆ8	ŌłÆ33	ŌłÆ9	ŌłÆ33	ŌłÆ11	ŌłÆ44	ŌłÆ7	ŌłÆ1	ŌłÆ35	ŌłÆ187	ŌłÆ6	+4	735	346	357	32	236	332	167	919	1176	ŌłÆ9	ŌłÆ33
ŌłÆ	50	SI	1682	26	1777	54	1625	77	1518	ŌłÆ3	ŌłÆ13	ŌłÆ3	ŌłÆ13	ŌłÆ16	ŌłÆ70	ŌłÆ16	ŌłÆ58	+5	+65	+5	+69	321	145	146	30	116	118	87	401	381	ŌłÆ4	ŌłÆ13
ŌłÆ	52	JO	1680	40	1701	111	1324	153	1095	ŌłÆ4	ŌłÆ9	ŌłÆ8	ŌłÆ21	+5	+56	+1	+45	+37	+210	+23	+145	585	201	193	191	207	220	158	730	717	ŌłÆ5	ŌłÆ9
ŌłÆ	53	SK	1667	17	1775	40	1682	67	1567	ŌłÆ3	ŌłÆ20	ŌłÆ4	ŌłÆ20	ŌłÆ2	+2	ŌłÆ6	ŌłÆ3	ŌłÆ12	ŌłÆ24	ŌłÆ27	ŌłÆ93	368	158	166	44	150	131	87	521	460	ŌłÆ4	ŌłÆ20
ŌłÆ	54	GE	1654	31	1755	70	1553	104	1434	+1	+4	ŌłÆ1	+4	ŌłÆ13	ŌłÆ57	ŌłÆ6	ŌłÆ12	+20	+127	+33	+169	321	141	148	32	107	146	68	415	444	+1	+4
ŌłÆ	55	CD	1652	20	1782	62	1557	114	1387	+2	+13	+3	+30	+11	+69	+16	+99	+33	+176	+10	+83	549	166	225	158	226	172	151	836	643	ŌłÆ1	ŌłÆ5
ŌłÆ	56	IL	1647	23	1776	49	1621	83	1428	+4	+16	+1	+16	ŌłÆ1	+18	+11	+80	+3	+41	+10	+79	524	249	213	62	197	207	120	804	764	+2	+16
ŌłÆ	57	RO	1639	5	1945	29	1717	65	1501	ŌłÆ1	ŌłÆ3	ŌłÆ3	ŌłÆ3	ŌłÆ9	ŌłÆ42	ŌłÆ7	ŌłÆ8	ŌłÆ7	+10	ŌłÆ28	ŌłÆ115	802	333	377	92	355	247	200	1306	1020	ŌłÆ1	ŌłÆ3
ŌłÆ	58	BO	1621	21	1798	60	1509	93	1244	ŌłÆ6	ŌłÆ40	ŌłÆ8	ŌłÆ55	ŌłÆ6	ŌłÆ43	+4	+30	ŌłÆ1	+12	+6	+48	538	189	205	144	122	295	121	551	1060	ŌłÆ7	ŌłÆ45
ŌłÆ	59	BA	1616	20	1806	53	1626	90	1469	+10	+44	+9	+44	+16	+93	+30	+140	ŌłÆ8	ŌłÆ12	ŌłÆ34	ŌłÆ145	282	118	137	27	104	111	67	395	387	+10	+44
ŌłÆ	59	AL	1616	38	1675	72	1504	116	1363	ŌłÆ8	ŌłÆ48	ŌłÆ8	ŌłÆ48	ŌłÆ3	ŌłÆ11	+1	0	+9	+60	ŌłÆ1	+19	410	192	185	33	116	209	85	396	604	ŌłÆ7	ŌłÆ48
ŌłÆ	61	CM	1614	14	1850	53	1605	80	1442	+1	+8	+12	+55	+3	+21	+5	+30	+6	+49	ŌłÆ6	+1	661	184	247	230	287	172	202	952	712	+3	+20
ŌłÆ	62	CR	1608	9	1866	36	1690	76	1479	ŌłÆ3	ŌłÆ24	ŌłÆ6	ŌłÆ24	ŌłÆ13	ŌłÆ60	ŌłÆ4	ŌłÆ11	ŌłÆ10	ŌłÆ18	ŌłÆ40	ŌłÆ178	791	259	282	250	356	244	191	1369	922	ŌłÆ5	ŌłÆ24
ŌłÆ	63	CV	1606	63	1606	120	1302	146	1172	+9	+45	+9	+45	+14	+88	+6	+46	+31	+168	+21	+104	254	80	91	83	96	97	61	273	278	+10	+45
ŌłÆ	64	EI	1605	13	1853	40	1655	110	1397	ŌłÆ1	+3	ŌłÆ2	+3	+5	+44	+13	+88	+2	+39	ŌłÆ17	ŌłÆ62	612	276	298	38	172	290	150	645	928	ŌłÆ2	+3
ŌłÆ	65	SA	1598	29	1736	76	1499	125	1253	ŌłÆ1	+6	ŌłÆ1	+3	ŌłÆ6	ŌłÆ11	ŌłÆ2	+10	ŌłÆ7	ŌłÆ9	+11	+71	840	324	151	365	396	247	197	1284	897	0	+6
ŌłÆ	66	IQ	1592	23	1740	47	1622	96	1456	+2	+10	+1	+10	+6	+42	ŌłÆ17	ŌłÆ71	ŌłÆ12	ŌłÆ30	+16	+88	763	139	232	392	360	191	212	1205	714	+2	+10
ŌłÆ	67	NM	1589	40	1667	74	1534	110	1402	ŌłÆ3	ŌłÆ3	ŌłÆ2	ŌłÆ3	ŌłÆ14	ŌłÆ45	+6	+43	ŌłÆ3	+10	+35	+158	305	141	134	30	95	131	79	364	411	ŌłÆ2	ŌłÆ3
ŌłÆ	68	ML	1588	42	1650	70	1523	129	1302	ŌłÆ2	ŌłÆ1	ŌłÆ8	ŌłÆ24	ŌłÆ5	ŌłÆ13	ŌłÆ7	ŌłÆ12	+5	+47	+1	+31	625	195	234	196	249	206	170	824	718	ŌłÆ5	ŌłÆ11
ŌłÆ	69	TN	1585	24	1757	47	1616	87	1438	ŌłÆ8	ŌłÆ29	ŌłÆ14	ŌłÆ56	ŌłÆ11	ŌłÆ28	ŌłÆ23	ŌłÆ86	ŌłÆ20	ŌłÆ52	+3	+34	778	337	253	188	330	232	216	1106	850	ŌłÆ8	ŌłÆ30
ŌłÆ	70	NZ	1578	29	1642	66	1500	102	1334	ŌłÆ3	ŌłÆ7	ŌłÆ4	ŌłÆ7	ŌłÆ8	ŌłÆ24	+6	+53	+15	+93	+3	+37	442	135	189	118	181	181	80	769	652	ŌłÆ3	ŌłÆ7
ŌłÆ	71	HN	1570	23	1789	63	1500	110	1330	ŌłÆ1	+3	ŌłÆ1	+3	ŌłÆ3	+8	+8	+60	ŌłÆ12	ŌłÆ36	+6	+45	668	212	217	239	263	232	173	964	859	0	+3
ŌłÆ	72	IS	1568	18	1841	81	1425	127	1258	ŌłÆ1	+6	ŌłÆ1	+2	0	+18	ŌłÆ4	+7	ŌłÆ16	ŌłÆ44	ŌłÆ29	ŌłÆ113	527	216	251	60	160	263	104	635	885	0	+2
ŌłÆ	73	AO	1542	52	1629	86	1456	161	1213	0	ŌłÆ1	ŌłÆ4	ŌłÆ27	ŌłÆ12	ŌłÆ65	+7	+33	+40	+174	+84	+324	475	166	184	125	176	140	159	579	490	+2	ŌłÆ1
ŌłÆ	74	AE	1540	37	1692	98	1395	163	981	+2	0	+2	+3	0	+3	+8	+38	+8	+49	ŌłÆ13	ŌłÆ43	674	287	141	246	263	238	173	933	831	+3	0
ŌłÆ	75	FI	1536	14	1757	62	1500	120	1246	+5	+27	+5	+27	ŌłÆ5	ŌłÆ20	ŌłÆ19	ŌłÆ91	ŌłÆ35	ŌłÆ175	ŌłÆ13	ŌłÆ39	825	337	430	58	217	441	167	972	1699	+5	+27
ŌłÆ	75	HT	1536	36	1673	81	1418	129	1265	ŌłÆ1	ŌłÆ6	0	ŌłÆ6	+9	+56	+8	+35	0	+18	+15	+60	564	181	196	187	247	199	118	962	762	+1	ŌłÆ6
ŌłÆ	77	BF	1529	56	1617	98	1402	137	1265	0	ŌłÆ5	ŌłÆ3	ŌłÆ19	+4	+27	+10	+46	ŌłÆ5	ŌłÆ16	+19	+69	493	154	188	151	170	192	131	614	677	ŌłÆ7	ŌłÆ42
ŌłÆ	78	JM	1527	38	1700	83	1413	133	1221	ŌłÆ4	ŌłÆ15	0	ŌłÆ1	ŌłÆ8	ŌłÆ29	ŌłÆ27	ŌłÆ114	ŌłÆ14	ŌłÆ52	ŌłÆ7	ŌłÆ26	719	272	268	179	280	272	167	961	942	0	ŌłÆ1
ŌłÆ	79	BY	1522	44	1666	80	1505	120	1349	+3	+26	+3	+26	+4	+30	+18	+89	+3	+31	ŌłÆ20	ŌłÆ62	308	105	158	45	91	137	80	348	445	+3	+26
ŌłÆ	80	ZA	1511	7	1847	32	1707	99	1448	ŌłÆ2	ŌłÆ17	ŌłÆ3	ŌłÆ19	ŌłÆ5	ŌłÆ12	ŌłÆ15	ŌłÆ74	+5	+26	ŌłÆ23	ŌłÆ91	527	276	162	89	231	142	154	720	545	ŌłÆ6	ŌłÆ39
ŌłÆ	81	GH	1510	10	1877	42	1650	101	1424	ŌłÆ1	+1	ŌłÆ1	+1	+5	+33	ŌłÆ7	ŌłÆ28	ŌłÆ19	ŌłÆ87	ŌłÆ31	ŌłÆ130	779	247	298	234	370	213	196	1248	823	ŌłÆ1	+1
ŌłÆ	82	GT	1504	30	1642	68	1486	108	1382	ŌłÆ3	ŌłÆ21	ŌłÆ4	ŌłÆ24	ŌłÆ2	ŌłÆ9	+4	+19	ŌłÆ4	0	+4	+14	628	205	180	243	225	237	166	878	858	ŌłÆ4	ŌłÆ24
ŌłÆ	83	OM	1480	53	1634	127	1211	181	782	0	ŌłÆ11	0	ŌłÆ11	ŌłÆ2	ŌłÆ22	ŌłÆ8	ŌłÆ52	ŌłÆ4	ŌłÆ23	+8	+9	594	230	145	219	223	219	152	757	784	0	ŌłÆ11
ŌłÆ	84	SY	1479	53	1618	86	1428	124	1253	0	ŌłÆ7	0	ŌłÆ7	+9	+36	+16	+60	+7	+30	ŌłÆ3	ŌłÆ35	598	125	224	249	223	227	148	859	760	0	ŌłÆ7
ŌłÆ	85	PS	1465	66	1483	121	1255	159	1155	+1	ŌłÆ4	+1	ŌłÆ4	+2	+5	+17	+57	+13	+35	+31	+113	292	19	113	160	84	128	80	370	446	+1	ŌłÆ4
ŌłÆ	86	GN	1463	21	1771	72	1516	128	1302	ŌłÆ1	ŌłÆ22	ŌłÆ1	ŌłÆ22	+5	+12	+2	ŌłÆ19	+9	+26	ŌłÆ6	ŌłÆ57	646	172	263	211	251	211	184	953	804	ŌłÆ1	ŌłÆ22
ŌłÆ	87	ME	1461	34	1720	60	1597	94	1440	+2	+17	+3	+17	ŌłÆ8	ŌłÆ53	ŌłÆ17	ŌłÆ93	ŌłÆ11	ŌłÆ56	ŌłÆ17	ŌłÆ95	174	91	78	5	58	73	43	205	239	+2	+17
ŌłÆ	88	BG	1458	7	1911	41	1633	98	1312	0	+5	+1	+5	+2	+6	ŌłÆ3	ŌłÆ30	ŌłÆ7	ŌłÆ41	ŌłÆ29	ŌłÆ126	781	299	400	82	286	300	195	1094	1152	0	+5
ŌłÆ	89	LU	1450	24	1520	108	1256	191	979	+14	+55	+16	+55	0	ŌłÆ5	ŌłÆ11	ŌłÆ61	+17	+64	+58	+211	475	258	201	16	55	358	62	309	1225	+14	+55
ŌłÆ	90	QA	1447	26	1771	93	1416	164	963	+2	+22	+6	+22	ŌłÆ12	ŌłÆ70	ŌłÆ35	ŌłÆ184	ŌłÆ44	ŌłÆ207	ŌłÆ16	ŌłÆ91	700	328	147	225	289	233	178	994	827	+3	+22
ŌłÆ	91	NS	1442	64	1486	87	1450	105	1426	ŌłÆ1	0	0	0	+3	0	+3	0	+2	0	+9	+1	16	5	3	8	8	6	2	28	22	ŌłÆ1	0
ŌłÆ	92	SR	1431	26	1592	84	1404	170	1160	ŌłÆ1	ŌłÆ9	0	ŌłÆ9	+9	+31	+43	+113	+33	+94	+71	+222	543	231	222	90	239	175	129	986	740	ŌłÆ1	ŌłÆ9
ŌłÆ	93	KZ	1428	48	1622	100	1420	130	1307	+4	+18	+8	+18	+7	+26	ŌłÆ1	ŌłÆ26	+29	+81	+14	+9	272	103	123	46	70	143	59	285	454	+5	+18
ŌłÆ	94	CW	1427	26	1618	97	1381	188	1011	ŌłÆ7	ŌłÆ39	ŌłÆ6	ŌłÆ39	+11	+38	+25	+74	+5	+2	+75	+261	501	174	177	150	202	175	124	885	778	ŌłÆ7	ŌłÆ39
ŌłÆ	95	CN	1424	17	1752	50	1577	112	1376	+2	+14	+8	+21	+4	+21	+10	+25	ŌłÆ18	ŌłÆ81	ŌłÆ29	ŌłÆ144	764	272	265	227	369	231	164	1422	862	+6	+21
ŌłÆ	95	KD	1424	94	1424	100	1424	108	1403	ŌłÆ1	0	+3	0	+2	0	+4	0	+5	0	+9	0	4	2	0	2	3	0	1	12	3	0	0
ŌłÆ	97	LY	1420	43	1617	82	1469	128	1321	ŌłÆ5	ŌłÆ5	ŌłÆ1	ŌłÆ5	+13	+35	+7	+18	+27	+75	ŌłÆ8	ŌłÆ58	458	164	166	128	165	185	108	620	611	ŌłÆ4	ŌłÆ5
ŌłÆ	98	GM	1419	88	1454	118	1309	144	1190	ŌłÆ4	ŌłÆ5	0	ŌłÆ5	+11	+33	+24	+72	+13	+48	+41	+138	299	108	100	91	81	136	82	319	433	ŌłÆ3	ŌłÆ5
ŌłÆ	99	BH	1414	51	1634	109	1349	155	1075	ŌłÆ3	ŌłÆ4	+1	ŌłÆ4	ŌłÆ7	ŌłÆ35	ŌłÆ8	ŌłÆ41	ŌłÆ28	ŌłÆ134	+4	ŌłÆ13	637	218	159	260	223	248	166	780	826	ŌłÆ2	ŌłÆ4
ŌłÆ	100	BJ	1405	57	1540	109	1356	168	1130	ŌłÆ3	ŌłÆ5	ŌłÆ6	ŌłÆ29	ŌłÆ2	ŌłÆ2	+6	+8	ŌłÆ4	ŌłÆ26	+9	ŌłÆ1	354	129	142	83	87	182	85	366	623	ŌłÆ8	ŌłÆ23
ŌłÆ	101	GA	1401	59	1593	95	1413	126	1268	ŌłÆ1	ŌłÆ4	ŌłÆ14	ŌłÆ66	ŌłÆ14	ŌłÆ59	ŌłÆ5	ŌłÆ34	ŌłÆ5	ŌłÆ30	ŌłÆ3	ŌłÆ45	462	184	154	124	159	174	129	551	567	ŌłÆ2	ŌłÆ4
ŌłÆ	102	UG	1394	29	1625	75	1482	130	1306	+2	0	ŌłÆ7	ŌłÆ39	+10	+13	+14	+33	ŌłÆ12	ŌłÆ56	ŌłÆ17	ŌłÆ106	736	251	257	228	304	238	194	1108	887	+2	0
ŌłÆ	103	TT	1386	11	1661	61	1505	125	1313	ŌłÆ1	ŌłÆ13	0	ŌłÆ17	+4	ŌłÆ1	ŌłÆ2	ŌłÆ27	+15	+27	ŌłÆ37	ŌłÆ182	872	344	365	163	375	304	193	1446	1130	ŌłÆ2	ŌłÆ17
ŌłÆ	103	FO	1386	61	1386	122	1252	169	1154	+4	+5	+5	+5	+44	+111	+51	+140	+40	+124	+47	+154	283	119	141	23	51	195	37	213	641	+5	+5
ŌłÆ	105	NE	1382	98	1409	133	1239	159	1082	ŌłÆ4	ŌłÆ22	ŌłÆ3	ŌłÆ22	+20	+45	+51	+144	+45	+152	+37	+119	292	100	117	75	65	158	69	287	517	ŌłÆ5	ŌłÆ22
ŌłÆ	106	MG	1380	68	1508	104	1366	167	1162	+6	+12	+4	+12	+38	+96	+23	+54	+7	+12	+43	+144	357	120	121	116	136	143	78	494	536	+6	+12
ŌłÆ	106	GQ	1380	61	1604	151	1159	189	1007	0	ŌłÆ3	ŌłÆ13	ŌłÆ59	ŌłÆ22	ŌłÆ100	ŌłÆ34	ŌłÆ171	+14	+28	+17	+53	196	80	64	52	56	96	44	182	288	+1	ŌłÆ3
ŌłÆ	108	TG	1379	48	1603	90	1439	144	1263	+11	+36	+12	+36	+9	+8	+6	+9	+28	+91	0	ŌłÆ28	495	179	198	118	158	210	127	539	675	+11	+36
ŌłÆ	109	TH	1376	67	1547	112	1318	140	1125	+3	+8	+1	+8	+14	+25	ŌłÆ11	ŌłÆ52	+25	+85	ŌłÆ8	ŌłÆ62	935	389	200	346	366	358	211	1487	1408	+3	+8
ŌłÆ	110	KP	1375	17	1801	63	1566	131	1315	ŌłÆ2	0	ŌłÆ1	0	+5	0	ŌłÆ4	ŌłÆ22	ŌłÆ1	ŌłÆ3	ŌłÆ28	ŌłÆ129	417	50	149	218	175	127	115	641	447	ŌłÆ1	0
ŌłÆ	111	KM	1374	95	1434	186	941	206	830	ŌłÆ3	ŌłÆ1	+1	+14	ŌłÆ15	ŌłÆ52	+26	+70	+38	+140	+79	+407	159	29	35	95	41	81	37	145	246	ŌłÆ2	ŌłÆ1
ŌłÆ	112	AM	1373	62	1588	102	1418	143	1243	ŌłÆ7	ŌłÆ16	ŌłÆ6	ŌłÆ16	ŌłÆ5	ŌłÆ14	ŌłÆ22	ŌłÆ88	ŌłÆ49	ŌłÆ210	ŌłÆ34	ŌłÆ148	283	115	132	36	66	158	59	283	539	ŌłÆ7	ŌłÆ16
ŌłÆ	113	ZW	1372	43	1574	78	1462	146	1278	+7	+30	+3	+20	ŌłÆ11	ŌłÆ26	+32	+94	ŌłÆ10	ŌłÆ28	ŌłÆ3	ŌłÆ27	552	190	223	139	207	184	161	738	663	+7	+30
ŌłÆ	113	ID	1372	39	1578	101	1361	179	1103	+8	+31	+9	+31	+8	+15	+13	+39	+66	+269	+49	+161	784	252	192	340	299	332	153	1317	1269	+10	+31
ŌłÆ	115	ZM	1371	31	1709	60	1551	124	1344	ŌłÆ4	0	ŌłÆ2	+12	ŌłÆ4	ŌłÆ13	ŌłÆ22	ŌłÆ76	ŌłÆ33	ŌłÆ120	ŌłÆ20	ŌłÆ92	879	282	360	237	393	261	225	1389	954	ŌłÆ4	0
ŌłÆ	116	KE	1363	53	1563	90	1379	140	1240	+1	+19	+2	+19	ŌłÆ2	ŌłÆ13	ŌłÆ13	ŌłÆ44	ŌłÆ11	ŌłÆ24	+3	+23	781	291	283	207	294	293	194	1078	1062	+1	+19
ŌłÆ	117	EE	1360	32	1541	94	1353	174	1088	ŌłÆ3	+1	ŌłÆ4	+1	+1	ŌłÆ6	ŌłÆ3	ŌłÆ10	ŌłÆ15	ŌłÆ44	ŌłÆ25	ŌłÆ107	541	231	255	55	134	287	120	533	962	ŌłÆ3	+1
ŌłÆ	118	VN	1351	62	1518	120	1298	177	1092	+9	+22	+8	+22	+13	+30	+30	+79	ŌłÆ17	ŌłÆ70	+26	+95	525	174	131	220	222	200	103	922	771	+9	+22
ŌłÆ	119	SD	1350	23	1707	90	1444	155	1226	ŌłÆ4	0	ŌłÆ4	ŌłÆ3	ŌłÆ16	ŌłÆ46	ŌłÆ13	ŌłÆ47	ŌłÆ12	ŌłÆ33	+15	+61	553	154	204	195	187	225	141	628	730	ŌłÆ4	ŌłÆ5
ŌłÆ	120	RE	1345	72	1395	125	1184	159	1047	ŌłÆ4	0	ŌłÆ3	0	+4	0	+3	0	ŌłÆ8	ŌłÆ24	ŌłÆ7	ŌłÆ36	139	53	38	48	55	55	29	237	252	ŌłÆ4	0
ŌłÆ	121	SV	1342	32	1606	72	1471	130	1322	+9	+18	+9	+18	ŌłÆ16	ŌłÆ47	ŌłÆ11	ŌłÆ46	ŌłÆ41	ŌłÆ160	ŌłÆ16	ŌłÆ79	687	210	209	268	227	306	154	863	1023	+9	+18
ŌłÆ	121	MZ	1342	83	1495	116	1332	152	1210	ŌłÆ11	ŌłÆ30	ŌłÆ15	ŌłÆ47	ŌłÆ26	ŌłÆ90	ŌłÆ12	ŌłÆ51	+18	+71	ŌłÆ6	ŌłÆ17	444	166	177	101	139	194	111	466	585	ŌłÆ15	ŌłÆ45
ŌłÆ	123	SL	1341	65	1552	104	1368	158	1185	ŌłÆ6	ŌłÆ3	ŌłÆ5	ŌłÆ3	+6	+16	+9	+20	0	ŌłÆ5	ŌłÆ6	ŌłÆ10	337	116	141	80	98	150	89	331	474	ŌłÆ6	ŌłÆ3
ŌłÆ	124	GP	1338	50	1530	91	1408	166	1179	0	0	0	0	ŌłÆ6	ŌłÆ28	+5	+12	+32	+130	+16	+60	293	92	89	112	128	114	51	507	410	+1	0
ŌłÆ	125	RW	1336	96	1461	144	1206	176	1035	+11	+28	+12	+28	+7	+16	0	+1	+4	+11	+8	+45	290	107	100	83	90	126	74	298	364	+11	+28
ŌłÆ	126	NI	1333	65	1373	146	1031	197	900	+2	+5	+1	+5	+3	+8	ŌłÆ6	ŌłÆ16	+25	+104	+17	+72	253	63	100	90	54	167	32	258	621	+2	+5
ŌłÆ	127	KW	1332	27	1734	83	1468	143	1178	+1	+4	0	+4	+13	+42	+1	+4	ŌłÆ23	ŌłÆ60	ŌłÆ34	ŌłÆ134	762	269	176	317	321	248	193	1198	880	+1	+4
ŌłÆ	128	MR	1329	98	1424	155	1115	181	911	+6	+18	+7	+18	ŌłÆ2	ŌłÆ4	ŌłÆ5	ŌłÆ16	ŌłÆ20	ŌłÆ53	+7	+41	300	91	103	106	56	173	71	217	527	+6	+18
ŌłÆ	129	AZ	1322	63	1551	107	1397	143	1257	ŌłÆ6	ŌłÆ17	ŌłÆ6	ŌłÆ17	ŌłÆ9	ŌłÆ43	ŌłÆ45	ŌłÆ169	ŌłÆ19	ŌłÆ53	ŌłÆ17	ŌłÆ67	324	116	152	56	67	176	81	265	545	ŌłÆ5	ŌłÆ17
ŌłÆ	130	ZN	1320	102	1366	145	1119	168	936	+1	0	+1	0	+2	0	+4	0	0	ŌłÆ2	+6	+35	217	37	45	135	39	131	47	186	458	+1	0
ŌłÆ	131	CY	1314	63	1575	102	1377	141	1249	+6	+12	+7	+12	+5	+15	+5	ŌłÆ1	ŌłÆ16	ŌłÆ51	ŌłÆ25	ŌłÆ106	429	237	186	6	84	271	74	387	932	+6	+12
ŌłÆ	132	TZ	1313	65	1510	117	1295	169	1130	ŌłÆ10	ŌłÆ27	ŌłÆ3	ŌłÆ12	ŌłÆ29	ŌłÆ83	ŌłÆ20	ŌłÆ64	0	+6	ŌłÆ8	ŌłÆ12	658	244	237	177	193	280	185	752	963	ŌłÆ12	ŌłÆ29
ŌłÆ	133	MQ	1312	39	1565	79	1458	133	1312	ŌłÆ7	ŌłÆ19	ŌłÆ12	ŌłÆ30	ŌłÆ17	ŌłÆ61	ŌłÆ38	ŌłÆ126	ŌłÆ41	ŌłÆ134	ŌłÆ39	ŌłÆ153	371	136	125	110	167	116	88	676	488	ŌłÆ13	ŌłÆ30
ŌłÆ	134	LR	1304	70	1518	112	1342	154	1218	+4	+4	+5	+4	+15	+41	+17	+39	ŌłÆ15	ŌłÆ52	ŌłÆ12	ŌłÆ25	342	146	144	52	91	175	76	318	521	+4	+4
ŌłÆ	135	NA	1303	97	1428	136	1272	168	1117	ŌłÆ1	ŌłÆ8	0	ŌłÆ8	ŌłÆ22	ŌłÆ77	ŌłÆ22	ŌłÆ71	ŌłÆ8	ŌłÆ30	ŌłÆ15	ŌłÆ34	304	102	121	81	77	135	92	295	424	ŌłÆ1	ŌłÆ8
ŌłÆ	136	KG	1295	127	1332	155	1203	178	1095	ŌłÆ4	ŌłÆ18	ŌłÆ3	ŌłÆ18	ŌłÆ9	ŌłÆ37	+8	+13	+9	+39	+24	+83	192	49	74	69	55	105	32	208	337	ŌłÆ4	ŌłÆ18
ŌłÆ	137	MY	1293	58	1548	122	1290	185	1054	ŌłÆ5	ŌłÆ20	ŌłÆ4	ŌłÆ20	+2	+2	+9	+17	+20	+86	+39	+173	925	390	240	295	362	352	211	1512	1339	ŌłÆ5	ŌłÆ20
ŌłÆ	138	GY	1292	15	1523	104	1293	182	1043	+9	+17	+9	+17	+11	+29	+9	+19	+35	+153	+17	+71	456	179	194	83	142	224	90	589	790	+9	+17
ŌłÆ	139	LB	1288	78	1472	108	1333	164	1166	ŌłÆ14	ŌłÆ44	ŌłÆ14	ŌłÆ44	ŌłÆ11	ŌłÆ39	0	ŌłÆ9	ŌłÆ22	ŌłÆ72	ŌłÆ25	ŌłÆ80	421	140	144	137	123	186	112	507	621	ŌłÆ13	ŌłÆ44
ŌłÆ	139	LV	1288	41	1575	87	1399	155	1217	+4	+2	+5	+2	ŌłÆ4	ŌłÆ13	ŌłÆ7	ŌłÆ33	ŌłÆ1	+7	ŌłÆ51	ŌłÆ192	459	193	213	53	128	220	111	536	754	+4	+2
ŌłÆ	141	ET	1287	39	1638	99	1394	153	1238	+7	+23	+7	+23	+4	+8	+2	+3	ŌłÆ13	ŌłÆ39	ŌłÆ11	ŌłÆ13	474	216	163	95	171	199	104	657	691	+7	+23
ŌłÆ	142	NC	1286	50	1532	103	1357	176	1089	ŌłÆ2	ŌłÆ8	ŌłÆ1	ŌłÆ8	+1	+1	+15	+56	0	+20	ŌłÆ15	ŌłÆ27	285	87	71	127	141	110	34	739	419	ŌłÆ2	ŌłÆ8
ŌłÆ	143	TJ	1285	75	1504	123	1334	164	1195	ŌłÆ4	ŌłÆ12	ŌłÆ3	ŌłÆ12	ŌłÆ2	ŌłÆ3	ŌłÆ32	ŌłÆ96	ŌłÆ3	+15	+13	+65	212	57	84	71	80	86	46	305	297	ŌłÆ4	ŌłÆ12
ŌłÆ	143	BI	1285	85	1464	125	1285	168	1163	+8	+46	+8	+46	ŌłÆ5	ŌłÆ7	ŌłÆ2	ŌłÆ4	+3	+38	ŌłÆ22	ŌłÆ51	241	52	89	100	74	112	55	274	334	+8	+46
ŌłÆ	145	DO	1283	138	1295	167	1060	188	930	ŌłÆ4	ŌłÆ10	ŌłÆ3	ŌłÆ10	ŌłÆ3	ŌłÆ3	+15	+75	+18	+112	+14	+66	190	86	64	40	69	89	32	301	307	ŌłÆ4	ŌłÆ10
ŌłÆ	146	LT	1279	47	1662	92	1318	151	1050	0	+2	0	+2	ŌłÆ9	ŌłÆ15	ŌłÆ28	ŌłÆ77	ŌłÆ15	ŌłÆ40	ŌłÆ47	ŌłÆ164	418	170	207	41	106	230	82	415	759	0	+2
ŌłÆ	147	MD	1270	65	1556	109	1391	166	1169	ŌłÆ5	ŌłÆ18	ŌłÆ4	ŌłÆ18	ŌłÆ13	ŌłÆ49	ŌłÆ27	ŌłÆ79	+7	+51	ŌłÆ29	ŌłÆ80	302	115	146	41	60	172	70	247	523	ŌłÆ5	ŌłÆ18
ŌłÆ	148	BW	1267	100	1437	150	1167	190	996	ŌłÆ4	ŌłÆ18	ŌłÆ16	ŌłÆ52	ŌłÆ26	ŌłÆ85	ŌłÆ21	ŌłÆ64	ŌłÆ15	ŌłÆ25	ŌłÆ10	ŌłÆ15	368	166	136	66	98	166	104	311	490	ŌłÆ4	ŌłÆ18
ŌłÆ	149	MT	1255	78	1435	118	1322	171	1155	ŌłÆ4	ŌłÆ23	ŌłÆ4	ŌłÆ23	+4	+5	+3	ŌłÆ1	+6	+37	+2	+24	456	246	183	27	66	314	76	298	1020	ŌłÆ4	ŌłÆ23
ŌłÆ	150	GW	1248	84	1415	126	1282	163	1178	0	+4	0	+4	ŌłÆ2	ŌłÆ16	ŌłÆ33	ŌłÆ112	ŌłÆ29	ŌłÆ103	ŌłÆ13	ŌłÆ35	215	66	64	85	58	104	53	215	320	0	+4
ŌłÆ	151	CU	1239	21	1683	84	1438	161	1114	+2	+10	+2	+10	+4	+15	ŌłÆ11	ŌłÆ55	ŌłÆ10	ŌłÆ30	ŌłÆ23	ŌłÆ71	485	103	212	170	185	189	111	678	684	+2	+10
ŌłÆ	151	MW	1239	48	1590	115	1327	153	1093	ŌłÆ2	ŌłÆ13	ŌłÆ2	ŌłÆ13	0	ŌłÆ17	ŌłÆ13	ŌłÆ63	ŌłÆ25	ŌłÆ97	ŌłÆ25	ŌłÆ77	700	306	245	149	232	265	203	817	902	ŌłÆ2	ŌłÆ13
ŌłÆ	153	CF	1236	83	1417	124	1295	167	1177	ŌłÆ1	ŌłÆ2	ŌłÆ1	ŌłÆ2	ŌłÆ7	ŌłÆ42	ŌłÆ22	ŌłÆ88	ŌłÆ16	ŌłÆ47	ŌłÆ24	ŌłÆ65	164	32	67	65	36	94	34	181	326	ŌłÆ1	ŌłÆ2
ŌłÆ	154	GF	1223	71	1395	125	1246	172	1109	0	0	0	0	+2	0	ŌłÆ13	ŌłÆ66	ŌłÆ11	ŌłÆ39	ŌłÆ8	ŌłÆ29	190	66	67	57	57	92	41	280	328	0	0
ŌłÆ	155	YT	1216	149	1233	157	1202	174	1124	+1	0	+1	0	+4	0	+3	0	ŌłÆ2	ŌłÆ8	+2	ŌłÆ2	41	2	11	28	13	17	11	55	59	+1	0
ŌłÆ	156	TM	1209	67	1547	117	1358	161	1205	ŌłÆ1	ŌłÆ8	ŌłÆ1	ŌłÆ8	ŌłÆ4	ŌłÆ42	+5	+4	ŌłÆ22	ŌłÆ82	ŌłÆ24	ŌłÆ83	187	42	76	69	71	82	34	288	281	ŌłÆ1	ŌłÆ8
ŌłÆ	157	CG	1207	33	1690	83	1470	159	1207	+2	0	+2	0	ŌłÆ1	ŌłÆ16	ŌłÆ8	ŌłÆ61	ŌłÆ41	ŌłÆ156	ŌłÆ60	ŌłÆ248	474	180	188	106	173	186	115	679	662	+2	0
ŌłÆ	158	ER	1201	142	1246	164	1158	185	1056	+6	+62	+6	+62	+8	+62	+8	+62	+15	+62	+27	+127	86	20	28	38	17	50	19	61	137	+6	+62
ŌłÆ	159	LS	1198	125	1325	151	1179	179	1102	ŌłÆ3	ŌłÆ18	ŌłÆ3	ŌłÆ18	ŌłÆ1	ŌłÆ24	ŌłÆ10	ŌłÆ70	ŌłÆ12	ŌłÆ45	+1	ŌłÆ14	354	113	147	94	70	180	104	280	580	ŌłÆ3	ŌłÆ18
ŌłÆ	160	YE	1195	109	1367	144	1212	178	1078	+3	+44	+3	+44	+12	+74	+12	+93	+1	+9	+4	ŌłÆ13	295	56	87	152	66	173	56	304	573	+3	+44
ŌłÆ	161	PH	1179	27	1352	135	1069	220	681	+1	+23	+1	+23	+8	+46	+22	+143	+11	+38	ŌłÆ20	ŌłÆ89	397	110	127	160	99	238	60	432	1023	+1	+23
ŌłÆ	162	TI	1177	49	1591	103	1386	171	1137	ŌłÆ2	0	ŌłÆ2	0	ŌłÆ1	0	+1	ŌłÆ13	ŌłÆ2	ŌłÆ16	ŌłÆ10	ŌłÆ53	254	58	71	125	136	82	36	693	383	ŌłÆ2	0
ŌłÆ	163	SW	1148	119	1347	153	1168	181	1062	ŌłÆ5	ŌłÆ62	ŌłÆ5	ŌłÆ62	ŌłÆ4	ŌłÆ68	ŌłÆ4	ŌłÆ67	+7	+1	ŌłÆ38	ŌłÆ173	324	123	131	70	71	158	95	297	542	ŌłÆ5	ŌłÆ62
ŌłÆ	164	VC	1141	58	1501	110	1322	185	1030	ŌłÆ3	ŌłÆ30	ŌłÆ3	ŌłÆ30	+3	+4	+14	+75	+6	ŌłÆ6	+14	+29	365	138	135	92	131	150	84	566	648	ŌłÆ3	ŌłÆ30
ŌłÆ	165	PG	1135	136	1223	165	1091	188	1017	+1	0	+1	0	+9	+31	+14	+71	+4	ŌłÆ15	+9	+10	165	30	43	92	54	80	31	352	356	+1	0
ŌłÆ	165	PR	1135	100	1166	169	936	203	829	+2	+1	+2	+1	+3	+1	0	ŌłÆ12	+19	+77	+19	+50	196	73	67	56	46	121	29	229	491	+2	+1
ŌłÆ	167	SG	1134	80	1415	134	1228	187	1041	+2	+3	+2	+3	+9	+52	+3	+23	+8	ŌłÆ2	+3	ŌłÆ25	772	322	185	265	242	373	157	1036	1396	+2	+3
ŌłÆ	168	IN	1128	24	1685	110	1341	186	1029	+2	+5	+2	+5	ŌłÆ3	ŌłÆ14	ŌłÆ6	ŌłÆ68	ŌłÆ10	ŌłÆ69	+15	+37	612	177	172	263	220	263	129	838	1001	+2	+5
ŌłÆ	169	VU	1118	111	1263	156	1104	191	960	+5	+4	+5	+4	+12	+73	+7	+38	ŌłÆ6	ŌłÆ53	ŌłÆ3	ŌłÆ69	227	54	51	122	71	124	32	404	485	+5	+4
ŌłÆ	170	BM	1117	91	1432	128	1283	177	1082	+1	ŌłÆ3	+2	ŌłÆ3	ŌłÆ8	ŌłÆ51	ŌłÆ1	ŌłÆ7	ŌłÆ22	ŌłÆ125	ŌłÆ17	ŌłÆ112	236	106	82	48	79	112	45	375	417	+2	ŌłÆ3
ŌłÆ	171	SS	1109	163	1155	178	1087	188	1018	ŌłÆ4	ŌłÆ25	ŌłÆ4	ŌłÆ25	ŌłÆ2	ŌłÆ24	ŌłÆ3	ŌłÆ18	+11	+30	+4	ŌłÆ14	81	18	29	34	13	52	16	55	145	ŌłÆ4	ŌłÆ25
ŌłÆ	172	FJ	1104	78	1466	129	1246	175	1069	+3	ŌłÆ4	+3	ŌłÆ4	ŌłÆ18	ŌłÆ123	ŌłÆ17	ŌłÆ135	ŌłÆ20	ŌłÆ123	ŌłÆ25	ŌłÆ135	288	106	65	117	126	106	56	647	463	+3	ŌłÆ4
ŌłÆ	173	HK	1101	60	1533	123	1288	180	1058	ŌłÆ8	ŌłÆ35	ŌłÆ8	ŌłÆ35	ŌłÆ9	ŌłÆ47	+4	+30	ŌłÆ7	ŌłÆ61	ŌłÆ7	ŌłÆ86	514	183	152	179	178	234	102	816	873	ŌłÆ8	ŌłÆ35
ŌłÆ	174	GD	1098	46	1548	101	1370	186	1060	ŌłÆ1	ŌłÆ21	ŌłÆ3	ŌłÆ24	ŌłÆ1	ŌłÆ8	ŌłÆ1	+16	ŌłÆ6	ŌłÆ55	+3	ŌłÆ19	310	115	116	79	103	129	78	490	561	ŌłÆ3	ŌłÆ24
ŌłÆ	175	AD	1080	169	1130	182	1050	195	952	+4	ŌłÆ3	+4	ŌłÆ3	+2	+14	ŌłÆ4	ŌłÆ30	+11	+52	+18	+120	231	92	106	33	15	184	32	77	543	+4	ŌłÆ3
ŌłÆ	176	MU	1073	36	1634	108	1334	195	930	+1	ŌłÆ18	+1	ŌłÆ18	ŌłÆ1	ŌłÆ22	+7	+37	+13	+66	+4	ŌłÆ30	359	124	151	84	100	174	85	450	572	+1	ŌłÆ18
ŌłÆ	176	TD	1073	107	1318	135	1244	176	1073	ŌłÆ5	ŌłÆ47	ŌłÆ4	ŌłÆ47	ŌłÆ13	ŌłÆ78	ŌłÆ12	ŌłÆ80	ŌłÆ14	ŌłÆ107	ŌłÆ31	ŌłÆ180	182	45	59	78	35	105	42	165	340	ŌłÆ4	ŌłÆ47
ŌłÆ	176	BZ	1073	61	1201	139	1114	183	1034	0	ŌłÆ32	0	ŌłÆ32	+2	+15	+6	+31	+1	ŌłÆ52	ŌłÆ10	ŌłÆ114	129	44	44	41	32	74	23	138	245	0	ŌłÆ32
ŌłÆ	179	SB	1054	110	1378	147	1183	179	1041	ŌłÆ1	ŌłÆ36	ŌłÆ1	ŌłÆ36	ŌłÆ8	ŌłÆ72	ŌłÆ26	ŌłÆ199	ŌłÆ12	ŌłÆ103	ŌłÆ7	ŌłÆ85	223	59	62	102	94	92	37	480	428	ŌłÆ1	ŌłÆ36
ŌłÆ	180	MF	1042	155	1120	187	983	214	755	+6	+39	+6	+39	+2	ŌłÆ1	+14	+102	+26	+189	+26	+178	86	18	36	32	33	44	9	136	191	+6	+39
ŌłÆ	181	ST	1035	153	1116	174	1056	190	985	ŌłÆ1	ŌłÆ21	ŌłÆ1	ŌłÆ21	+2	ŌłÆ3	0	ŌłÆ11	+2	ŌłÆ29	0	ŌłÆ66	82	24	36	22	11	60	11	59	213	ŌłÆ1	ŌłÆ21
ŌłÆ	182	KN	1029	88	1387	138	1174	186	1001	+2	+24	+2	+24	+3	+4	ŌłÆ7	ŌłÆ52	ŌłÆ24	ŌłÆ168	ŌłÆ51	ŌłÆ270	252	121	80	51	104	101	47	431	396	+2	+24
ŌłÆ	183	GI	1011	167	1151	178	1081	189	1002	ŌłÆ1	ŌłÆ6	ŌłÆ1	ŌłÆ6	ŌłÆ3	ŌłÆ35	ŌłÆ3	ŌłÆ45	ŌłÆ2	ŌłÆ76	ŌłÆ4	ŌłÆ99	118	41	49	28	18	85	15	70	344	ŌłÆ1	ŌłÆ6
ŌłÆ	184	JS	1005	184	1005	188	1004	190	995	0	0	0	0	+2	0	+2	0	+6	0	+3	0	2	0	0	2	1	0	1	4	3	0	0
ŌłÆ	185	LC	1003	67	1353	126	1240	192	977	ŌłÆ2	ŌłÆ5	ŌłÆ2	ŌłÆ5	ŌłÆ2	ŌłÆ35	ŌłÆ12	ŌłÆ79	0	ŌłÆ28	ŌłÆ3	ŌłÆ94	264	89	108	67	90	132	42	361	485	ŌłÆ2	ŌłÆ5
ŌłÆ	186	EH	996	186	996	189	996	192	996	+1	0	+1	0	+1	0	+2	0	+5	0	+2	0	1	0	1	0	0	1	0	0	6	+1	0
ŌłÆ	187	MM	984	34	1675	125	1244	199	896	+5	+39	+5	+39	+3	+33	+10	+66	+1	ŌłÆ27	ŌłÆ1	ŌłÆ84	554	119	139	296	219	231	104	899	958	+5	+39
ŌłÆ	188	SO	979	132	1218	166	1072	207	835	+1	+18	+1	+18	+9	+68	+13	+84	+10	+70	+19	+135	150	10	48	92	15	112	23	78	375	+1	+18
ŌłÆ	189	AW	978	51	1444	125	1198	204	880	+2	+29	+2	+29	+7	+61	0	ŌłÆ13	+8	+68	+9	+62	208	83	81	44	52	112	44	298	471	+2	+29
ŌłÆ	190	SX	975	164	977	187	909	213	758	0	+19	0	+19	+3	+43	+13	+122	+23	+211	+14	+95	75	16	25	34	23	39	13	107	194	0	+19
ŌłÆ	191	MS	972	116	1022	191	642	236	526	ŌłÆ3	0	ŌłÆ3	0	ŌłÆ3	0	ŌłÆ6	ŌłÆ43	+4	+25	+36	+328	74	15	26	33	18	48	8	76	235	ŌłÆ3	0
ŌłÆ	192	AF	961	96	1166	167	920	210	778	ŌłÆ11	ŌłÆ74	ŌłÆ11	ŌłÆ74	ŌłÆ13	ŌłÆ96	ŌłÆ25	ŌłÆ169	ŌłÆ16	ŌłÆ174	ŌłÆ21	ŌłÆ192	168	8	67	93	38	92	38	153	340	ŌłÆ11	ŌłÆ74
ŌłÆ	193	GL	945	163	1035	185	974	197	945	ŌłÆ1	0	ŌłÆ1	0	ŌłÆ2	0	ŌłÆ1	0	ŌłÆ1	ŌłÆ17	ŌłÆ2	ŌłÆ17	22	2	7	13	5	16	1	35	50	ŌłÆ1	0
ŌłÆ	194	BD	942	150	1115	181	980	210	796	0	+2	0	+2	+5	+35	+2	+18	+13	+93	+8	+58	327	92	97	138	88	166	73	300	584	0	+2
ŌłÆ	195	DJ	940	105	942	178	872	215	748	+3	+25	+3	+25	ŌłÆ1	+11	ŌłÆ2	ŌłÆ2	+6	+36	+20	+190	121	28	40	53	11	99	11	83	424	+3	+25
ŌłÆ	196	DM	934	59	1330	132	1196	198	932	ŌłÆ1	ŌłÆ4	ŌłÆ1	ŌłÆ4	ŌłÆ7	ŌłÆ34	ŌłÆ10	ŌłÆ71	ŌłÆ9	ŌłÆ88	ŌłÆ2	ŌłÆ23	246	69	97	80	60	132	54	288	488	ŌłÆ1	ŌłÆ4
ŌłÆ	197	PK	909	69	1458	154	1101	209	788	+10	+79	+10	+79	+12	+94	+9	+83	+7	+30	ŌłÆ2	ŌłÆ43	287	63	97	127	66	170	51	279	642	+10	+79
ŌłÆ	198	MC	903	193	909	199	900	202	890	+1	0	+1	0	+3	0	+1	0	+4	0	+1	ŌłÆ6	9	0	1	8	4	2	3	11	15	+1	0
ŌłÆ	199	BB	898	54	1406	121	1243	200	898	ŌłÆ3	ŌłÆ23	ŌłÆ3	ŌłÆ23	ŌłÆ7	ŌłÆ40	ŌłÆ4	ŌłÆ32	ŌłÆ21	ŌłÆ215	ŌłÆ26	ŌłÆ236	375	168	132	75	117	162	96	492	616	ŌłÆ3	ŌłÆ23
ŌłÆ	200	AG	895	102	1319	145	1178	201	895	+1	0	+1	0	ŌłÆ2	ŌłÆ14	ŌłÆ10	ŌłÆ92	ŌłÆ35	ŌłÆ268	ŌłÆ46	ŌłÆ333	285	116	101	68	95	136	54	394	491	+1	0
ŌłÆ	200	LI	895	143	1242	167	1114	201	895	0	ŌłÆ5	0	ŌłÆ5	0	ŌłÆ10	ŌłÆ9	ŌłÆ72	ŌłÆ20	ŌłÆ197	ŌłÆ35	ŌłÆ297	259	115	125	19	19	208	32	104	726	0	ŌłÆ5
ŌłÆ	202	NP	893	167	1008	190	889	209	729	ŌłÆ5	ŌłÆ26	ŌłÆ5	ŌłÆ26	ŌłÆ7	ŌłÆ33	ŌłÆ4	ŌłÆ12	ŌłÆ6	ŌłÆ48	ŌłÆ2	ŌłÆ11	295	74	91	130	68	174	53	247	665	ŌłÆ5	ŌłÆ26
ŌłÆ	203	KH	871	93	1391	157	1058	221	677	0	+27	0	+27	+4	+36	+2	+28	+5	+33	+7	+101	318	82	93	143	73	200	45	367	816	0	+27
ŌłÆ	204	SC	853	157	1123	182	987	205	842	0	+11	0	+11	ŌłÆ1	+2	0	+7	ŌłÆ4	ŌłÆ54	ŌłÆ13	ŌłÆ109	190	51	58	81	26	131	33	144	425	0	+11
ŌłÆ	205	LK	836	77	1045	161	933	227	648	+5	+53	+5	+53	+5	+54	+13	+142	+21	+172	+7	+76	285	70	89	126	58	177	50	278	693	+5	+53
ŌłÆ	206	SM	825	165	1015	195	917	212	770	0	ŌłÆ8	0	ŌłÆ8	ŌłÆ2	ŌłÆ20	+6	+52	+3	ŌłÆ2	ŌłÆ3	ŌłÆ58	228	110	110	8	3	213	12	44	895	0	ŌłÆ8
ŌłÆ	207	TW	822	15	1767	144	1169	213	760	ŌłÆ5	ŌłÆ44	ŌłÆ5	ŌłÆ44	ŌłÆ5	ŌłÆ59	ŌłÆ7	ŌłÆ78	ŌłÆ8	ŌłÆ86	+5	+62	339	96	109	134	96	191	52	465	788	ŌłÆ5	ŌłÆ44
ŌłÆ	208	BQ	817	81	1130	150	1036	208	817	0	ŌłÆ6	0	ŌłÆ6	ŌłÆ2	ŌłÆ19	ŌłÆ2	ŌłÆ9	ŌłÆ15	ŌłÆ141	ŌłÆ19	ŌłÆ173	104	19	52	33	24	68	12	116	257	0	ŌłÆ6
ŌłÆ	209	MV	801	162	1174	191	885	210	712	ŌłÆ4	ŌłÆ40	ŌłÆ4	ŌłÆ40	ŌłÆ4	ŌłÆ41	ŌłÆ7	ŌłÆ82	ŌłÆ15	ŌłÆ152	ŌłÆ12	ŌłÆ135	241	65	82	94	67	135	39	289	538	ŌłÆ4	ŌłÆ40
ŌłÆ	210	KY	800	153	1140	183	1000	210	795	ŌłÆ1	ŌłÆ6	ŌłÆ1	ŌłÆ6	ŌłÆ2	ŌłÆ20	ŌłÆ2	ŌłÆ24	ŌłÆ7	ŌłÆ91	ŌłÆ14	ŌłÆ146	129	60	39	30	26	78	25	125	313	ŌłÆ1	ŌłÆ6
ŌłÆ	211	HG	782	208	805	211	783	213	773	0	0	0	0	ŌłÆ1	0	0	0	ŌłÆ1	+9	ŌłÆ3	ŌłÆ13	4	0	0	4	1	2	1	8	10	0	0
ŌłÆ	212	TV	756	179	819	204	745	218	719	0	0	0	0	+1	0	+2	0	+3	+19	+4	+31	34	0	4	30	9	21	4	47	182	0	0
ŌłÆ	213	VG	743	173	932	207	788	232	590	+8	+50	+8	+50	+15	+116	+14	+93	+18	+142	+18	+139	139	35	63	41	24	91	24	129	402	+8	+50
ŌłÆ	214	EU	737	211	757	213	753	215	711	ŌłÆ1	0	ŌłÆ1	0	0	0	ŌłÆ1	ŌłÆ20	0	ŌłÆ20	0	ŌłÆ20	11	3	8	0	5	2	4	33	30	ŌłÆ1	0
ŌłÆ	215	LA	734	144	1017	186	895	227	646	+4	+26	+4	+26	+3	+18	+10	+66	+5	+41	ŌłÆ7	ŌłÆ61	235	49	69	117	43	157	35	235	739	+4	+26
ŌłÆ	215	TL	734	215	742	226	630	236	531	+9	+54	+9	+54	+8	+45	+16	+123	+13	+92	+3	+20	92	5	47	40	13	72	7	86	285	+9	+54
ŌłÆ	217	WS	728	183	744	211	659	226	601	ŌłÆ2	0	ŌłÆ2	0	ŌłÆ1	0	ŌłÆ2	ŌłÆ10	+6	+51	+4	+38	77	28	15	34	23	50	4	109	279	ŌłÆ2	0
ŌłÆ	218	MN	726	147	897	190	842	227	650	ŌłÆ4	ŌłÆ4	ŌłÆ4	ŌłÆ4	ŌłÆ3	ŌłÆ4	ŌłÆ8	ŌłÆ66	ŌłÆ6	ŌłÆ43	+7	+51	102	22	39	41	21	70	11	100	288	ŌłÆ4	ŌłÆ4
ŌłÆ	219	BL	725	215	730	217	706	221	694	ŌłÆ3	0	ŌłÆ3	0	ŌłÆ2	0	ŌłÆ3	0	ŌłÆ2	+12	+1	+31	10	7	3	0	4	5	1	25	29	ŌłÆ3	0
ŌłÆ	220	GU	706	179	895	207	694	232	531	ŌłÆ2	ŌłÆ8	ŌłÆ2	ŌłÆ8	ŌłÆ1	ŌłÆ8	+2	+24	ŌłÆ4	ŌłÆ22	ŌłÆ15	ŌłÆ166	132	25	44	63	31	88	13	169	592	ŌłÆ2	ŌłÆ8
ŌłÆ	221	WF	699	169	734	201	699	221	674	ŌłÆ1	0	ŌłÆ1	0	ŌłÆ1	0	ŌłÆ4	0	ŌłÆ3	0	ŌłÆ2	0	24	0	5	19	5	19	0	23	109	ŌłÆ1	0
ŌłÆ	222	VA	692	212	705	218	697	223	686	0	0	0	0	ŌłÆ1	0	ŌłÆ3	0	ŌłÆ1	0	0	+6	5	0	0	5	0	3	2	1	6	0	0
ŌłÆ	223	AB	691	216	701	223	675	227	671	0	0	0	0	ŌłÆ1	0	+1	+20	+2	+20	+3	+20	8	5	3	0	2	4	2	25	26	0	0
ŌłÆ	224	BS	685	157	940	190	872	224	685	ŌłÆ7	ŌłÆ34	ŌłÆ7	ŌłÆ34	ŌłÆ14	ŌłÆ97	ŌłÆ15	ŌłÆ124	ŌłÆ19	ŌłÆ185	ŌłÆ23	ŌłÆ215	90	30	32	28	17	62	11	90	291	ŌłÆ7	ŌłÆ34
ŌłÆ	225	PM	677	218	698	223	678	226	677	0	0	0	0	ŌłÆ1	0	ŌłÆ2	0	ŌłÆ2	0	ŌłÆ1	0	7	0	0	7	0	7	0	2	78	0	0
ŌłÆ	226	TC	657	205	830	211	765	230	631	0	0	0	0	0	+9	ŌłÆ6	ŌłÆ29	ŌłÆ15	ŌłÆ114	ŌłÆ15	ŌłÆ104	56	16	22	18	13	37	6	54	197	0	0
ŌłÆ	227	AI	646	196	672	224	556	237	497	+1	+1	+1	+1	+4	+30	+6	+48	+9	+91	+10	+94	117	31	50	36	16	87	14	74	413	+1	+1
ŌłÆ	228	TE	629	177	691	208	665	231	629	+1	0	+1	0	ŌłÆ1	0	+1	0	+1	0	0	ŌłÆ1	10	0	3	7	0	9	1	8	38	+1	0
ŌłÆ	229	VI	628	210	748	219	685	233	587	+2	+10	+2	+10	+4	+41	+1	+10	ŌłÆ2	ŌłÆ31	ŌłÆ12	ŌłÆ94	81	27	35	19	10	58	13	55	300	+2	+10
ŌłÆ	230	BT	623	185	694	219	600	238	527	+2	+8	+2	+8	ŌłÆ1	+1	+1	+12	+4	+55	+6	+67	117	20	40	57	12	97	8	68	423	+2	+8
ŌłÆ	231	CK	622	175	738	206	681	232	622	ŌłÆ1	0	ŌłÆ1	0	ŌłÆ2	0	ŌłÆ10	ŌłÆ62	ŌłÆ9	ŌłÆ64	ŌłÆ9	ŌłÆ64	56	4	14	38	13	39	4	50	276	ŌłÆ1	0
ŌłÆ	232	MO	589	103	1098	175	945	233	589	+1	ŌłÆ7	+1	ŌłÆ7	0	ŌłÆ7	ŌłÆ6	ŌłÆ78	ŌłÆ14	ŌłÆ110	ŌłÆ3	ŌłÆ35	161	51	50	60	24	120	17	141	490	+1	ŌłÆ7
ŌłÆ	233	CX	578	219	614	228	577	235	513	+1	0	+1	0	+1	0	+1	0	0	0	0	0	10	6	4	0	7	2	1	29	8	+1	0
ŌłÆ	234	BN	572	168	952	201	778	234	572	ŌłÆ7	ŌłÆ83	ŌłÆ7	ŌłÆ83	ŌłÆ9	ŌłÆ98	ŌłÆ6	ŌłÆ71	ŌłÆ4	ŌłÆ52	ŌłÆ4	ŌłÆ35	153	30	42	81	27	113	13	120	491	ŌłÆ7	ŌłÆ83
ŌłÆ	235	FK	571	223	593	229	585	235	571	0	0	0	0	0	0	0	0	ŌłÆ3	ŌłÆ9	ŌłÆ3	ŌłÆ9	4	0	1	3	0	4	0	0	25	0	0
ŌłÆ	236	FM	564	219	618	231	572	237	564	0	0	0	0	0	0	0	0	ŌłÆ1	0	ŌłÆ2	0	8	1	3	4	1	7	0	8	64	0	0
ŌłÆ	237	MH	559	235	571	237	559	237	559	0	0	0	0	ŌłÆ	ŌłÆ	ŌłÆ	ŌłÆ	ŌłÆ	ŌłÆ	ŌłÆ	ŌłÆ	2	0	0	2	0	2	0	2	7	0	0
ŌłÆ	238	KI	544	188	599	219	578	238	544	0	0	0	0	ŌłÆ1	0	ŌłÆ1	0	ŌłÆ1	0	0	0	11	0	2	9	0	10	1	7	126	0	0
ŌłÆ	239	TO	520	181	727	213	651	239	480	0	0	0	0	ŌłÆ1	0	0	+40	ŌłÆ1	ŌłÆ7	ŌłÆ4	ŌłÆ42	70	10	15	45	16	48	6	82	265	0	0
ŌłÆ	240	NU	496	194	500	225	496	240	496	0	0	0	0	ŌłÆ1	0	ŌłÆ2	0	ŌłÆ1	0	ŌłÆ1	0	2	0	0	2	0	2	0	0	33	0	0
ŌłÆ	241	MP	432	214	682	233	512	243	396	0	0	0	0	ŌłÆ1	0	ŌłÆ1	ŌłÆ20	+1	+22	ŌłÆ1	ŌłÆ31	36	7	11	18	5	28	3	43	153	0	0
ŌłÆ	242	CC	422	222	487	235	423	242	386	0	0	0	0	ŌłÆ1	0	ŌłÆ1	0	ŌłÆ1	0	0	0	10	4	6	0	2	7	1	8	29	0	0
ŌłÆ	243	PW	402	225	442	237	402	243	402	0	0	0	0	ŌłÆ1	0	ŌłÆ1	0	0	0	0	0	2	2	0	0	0	2	0	3	27	0	0
ŌłÆ	244	AS	369	190	628	226	467	244	334	0	ŌłÆ19	0	ŌłÆ19	ŌłÆ1	ŌłÆ19	ŌłÆ1	ŌłÆ7	ŌłÆ4	ŌłÆ102	ŌłÆ3	ŌłÆ93	59	0	15	44	5	52	2	36	385	0	ŌłÆ19